{"cameraMode":{"drawMode":0,"name":"Shaded","section":"Shading Mode"},"sceneLighting":true,"audioPlay":false,"sceneViewState":{"m_AlwaysRefresh":false,"showFog":true,"showSkybox":true,"showFlares":true,"showImageEffects":true,"showParticleSystems":true,"showVisualEffectGraphs":true,"m_FxEnabled":true},"in2DMode":false,"pivot":{"x":-3.4381556510925295,"y":7.855086803436279,"z":-10.55374526977539},"rotation":{"x":-0.00003108882810920477,"y":0.9978906512260437,"z":0.06564676761627197,"w":0.0002956109237857163},"size":7.989858150482178,"orthographic":false}